-- phpMyAdmin SQL Dump
-- version 4.8.3
-- https://www.phpmyadmin.net/
--
-- Host: 127.0.0.1
-- Waktu pembuatan: 26 Jun 2020 pada 15.41
-- Versi server: 10.1.36-MariaDB
-- Versi PHP: 7.2.10

SET SQL_MODE = "NO_AUTO_VALUE_ON_ZERO";
SET AUTOCOMMIT = 0;
START TRANSACTION;
SET time_zone = "+00:00";


/*!40101 SET @OLD_CHARACTER_SET_CLIENT=@@CHARACTER_SET_CLIENT */;
/*!40101 SET @OLD_CHARACTER_SET_RESULTS=@@CHARACTER_SET_RESULTS */;
/*!40101 SET @OLD_COLLATION_CONNECTION=@@COLLATION_CONNECTION */;
/*!40101 SET NAMES utf8mb4 */;

--
-- Database: `ta-45`
--

-- --------------------------------------------------------

--
-- Struktur dari tabel `kategori`
--

CREATE TABLE `kategori` (
  `id_kategori` int(11) NOT NULL,
  `nama` varchar(50) NOT NULL
) ENGINE=InnoDB DEFAULT CHARSET=latin1;

--
-- Dumping data untuk tabel `kategori`
--

INSERT INTO `kategori` (`id_kategori`, `nama`) VALUES
(1, 'Makanan'),
(2, 'Minuman'),
(3, 'Keyboard'),
(4, 'Laptop'),
(5, 'HP');

-- --------------------------------------------------------

--
-- Struktur dari tabel `pegawai`
--

CREATE TABLE `pegawai` (
  `id_pegawai` int(11) NOT NULL,
  `username` varchar(50) NOT NULL,
  `nama_lengkap` varchar(50) NOT NULL,
  `email` varchar(30) NOT NULL,
  `password` char(32) NOT NULL,
  `level` varchar(10) NOT NULL
) ENGINE=InnoDB DEFAULT CHARSET=latin1;

--
-- Dumping data untuk tabel `pegawai`
--

INSERT INTO `pegawai` (`id_pegawai`, `username`, `nama_lengkap`, `email`, `password`, `level`) VALUES
(1, 'admin', 'admin', 'admin@ta-45.com', '21232f297a57a5a743894a0e4a801fc3', 'admin'),
(2, 'mahendrafajar17', 'Mahendra Fajar', 'mahendrafajar17@gmail.com', '21232f297a57a5a743894a0e4a801fc3', 'manajer'),
(3, 'manajer', 'manajer', 'manajer@ta-45.com', '69b731ea8f289cf16a192ce78a37b4f0', 'manajer');

-- --------------------------------------------------------

--
-- Struktur dari tabel `produk`
--

CREATE TABLE `produk` (
  `id_produk` int(11) NOT NULL,
  `nama` varchar(50) NOT NULL,
  `deskripsi` text NOT NULL,
  `id_kategori` int(11) NOT NULL,
  `id_sub_kategori` int(11) NOT NULL,
  `file_gambar` varchar(200) NOT NULL,
  `last_update` datetime NOT NULL,
  `id_pegawai` int(11) NOT NULL
) ENGINE=InnoDB DEFAULT CHARSET=latin1;

--
-- Dumping data untuk tabel `produk`
--

INSERT INTO `produk` (`id_produk`, `nama`, `deskripsi`, `id_kategori`, `id_sub_kategori`, `file_gambar`, `last_update`, `id_pegawai`) VALUES
(20, 'Sardines', 'Makanan untuk anak kos.', 1, 1, 'img/produk/20.jpeg', '2019-10-15 01:21:34', 1),
(21, 'Asus ROG', 'Laptop spek dewa untuk gaming + editing.', 4, 4, 'img/produk/21.png', '2019-10-15 01:26:00', 1),
(22, 'Rexus Keyboard Mechanical', 'Keyboard mechanical terbaik harga miring.', 3, 3, 'img/produk/22.png', '2019-10-15 01:29:33', 1),
(23, 'Fresh Tea', 'Minuman rasa teh.', 2, 2, 'img/produk/23.jpg', '2019-10-15 01:32:35', 1),
(24, 'Asus ROG Phone', 'mantap', 5, 5, 'img/produk/24.jpg', '2019-11-01 10:15:15', 1);

-- --------------------------------------------------------

--
-- Struktur dari tabel `sub_kategori`
--

CREATE TABLE `sub_kategori` (
  `id_sub_kategori` int(11) NOT NULL,
  `nama` varchar(50) NOT NULL
) ENGINE=InnoDB DEFAULT CHARSET=latin1;

--
-- Dumping data untuk tabel `sub_kategori`
--

INSERT INTO `sub_kategori` (`id_sub_kategori`, `nama`) VALUES
(1, 'Kaleng'),
(2, 'Botol'),
(3, 'Mechanical'),
(4, 'Gaming'),
(5, 'Android 9.0');

--
-- Indexes for dumped tables
--

--
-- Indeks untuk tabel `kategori`
--
ALTER TABLE `kategori`
  ADD PRIMARY KEY (`id_kategori`);

--
-- Indeks untuk tabel `pegawai`
--
ALTER TABLE `pegawai`
  ADD PRIMARY KEY (`id_pegawai`);

--
-- Indeks untuk tabel `produk`
--
ALTER TABLE `produk`
  ADD PRIMARY KEY (`id_produk`),
  ADD KEY `id_kategori` (`id_kategori`),
  ADD KEY `id_sub_kategori` (`id_sub_kategori`),
  ADD KEY `id_pegawai` (`id_pegawai`);

--
-- Indeks untuk tabel `sub_kategori`
--
ALTER TABLE `sub_kategori`
  ADD PRIMARY KEY (`id_sub_kategori`);

--
-- AUTO_INCREMENT untuk tabel yang dibuang
--

--
-- AUTO_INCREMENT untuk tabel `kategori`
--
ALTER TABLE `kategori`
  MODIFY `id_kategori` int(11) NOT NULL AUTO_INCREMENT, AUTO_INCREMENT=6;

--
-- AUTO_INCREMENT untuk tabel `pegawai`
--
ALTER TABLE `pegawai`
  MODIFY `id_pegawai` int(11) NOT NULL AUTO_INCREMENT, AUTO_INCREMENT=4;

--
-- AUTO_INCREMENT untuk tabel `produk`
--
ALTER TABLE `produk`
  MODIFY `id_produk` int(11) NOT NULL AUTO_INCREMENT, AUTO_INCREMENT=25;

--
-- AUTO_INCREMENT untuk tabel `sub_kategori`
--
ALTER TABLE `sub_kategori`
  MODIFY `id_sub_kategori` int(11) NOT NULL AUTO_INCREMENT, AUTO_INCREMENT=6;

--
-- Ketidakleluasaan untuk tabel pelimpahan (Dumped Tables)
--

--
-- Ketidakleluasaan untuk tabel `produk`
--
ALTER TABLE `produk`
  ADD CONSTRAINT `produk_ibfk_2` FOREIGN KEY (`id_pegawai`) REFERENCES `pegawai` (`id_pegawai`),
  ADD CONSTRAINT `produk_ibfk_3` FOREIGN KEY (`id_sub_kategori`) REFERENCES `sub_kategori` (`id_sub_kategori`),
  ADD CONSTRAINT `produk_ibfk_4` FOREIGN KEY (`id_kategori`) REFERENCES `kategori` (`id_kategori`);
COMMIT;

/*!40101 SET CHARACTER_SET_CLIENT=@OLD_CHARACTER_SET_CLIENT */;
/*!40101 SET CHARACTER_SET_RESULTS=@OLD_CHARACTER_SET_RESULTS */;
/*!40101 SET COLLATION_CONNECTION=@OLD_COLLATION_CONNECTION */;
